"id","category","key","value"
4,name_type_suite,Other_B,2
5,name_type_suite,Children,3
55,organization_type,Business Entity Type 2,1
56,organization_type,Agriculture,2
57,organization_type,Industry: type 13,3
58,organization_type,Religion,4
59,organization_type,Construction,5
60,organization_type,Police,6
30,housing_type,Rented apartment,1
31,housing_type,Co-op apartment,2
32,housing_type,Office apartment,3
33,housing_type,Municipal apartment,4
34,housing_type,With parents,5
35,housing_type,House / apartment,6
113,housetype_mode,specific housing,1
114,housetype_mode,terraced house,2
115,housetype_mode,block of flats,3
116,housetype_mode,(Empty),4
19,education_type,Secondary / secondary special,1
20,education_type,Incomplete higher,2
21,education_type,Lower secondary,3
22,education_type,Higher education,4
23,education_type,Academic degree,5
36,occupation_type,Private service staff,1
37,occupation_type,Realty agents,2
38,occupation_type,Waiters/barmen staff,3
39,occupation_type,IT staff,4
40,occupation_type,Managers,5
41,occupation_type,Cleaning staff,6
42,occupation_type,Cooking staff,7
43,occupation_type,Security staff,8
44,occupation_type,Drivers,9
45,occupation_type,Accountants,10
46,occupation_type,Medicine staff,11
47,occupation_type,Laborers,12
48,occupation_type,Secretaries,13
49,occupation_type,HR staff,14
50,occupation_type,High skill tech staff,15
51,occupation_type,Sales staff,16
52,occupation_type,Low-skill Laborers,17
54,occupation_type,Core staff,19
53,occupation_type,(Empty),18
11,income_type,State servant,1
12,income_type,Working,2
13,income_type,Student,3
14,income_type,Maternity leave,4
15,income_type,Pensioner,5
16,income_type,Businessman,6
17,income_type,Unemployed,7
18,income_type,Commercial associate,8
24,family_status,Unknown,1
25,family_status,Civil marriage,2
26,family_status,Married,3
27,family_status,Separated,4
28,family_status,Widow,5
29,family_status,Single / not married,6
117,contract_type,XNA,1
118,contract_type,Revolving loans,2
119,contract_type,Cash loans,3
120,contract_type,Consumer loans,4
121,channel_type,Contact center,1
122,channel_type,Car dealer,2
123,channel_type,Country-wide,3
124,channel_type,Stone,4
125,channel_type,Regional / Local,5
126,channel_type,Credit and cash offices,6
127,channel_type,Channel of corporate sales,7
128,channel_type,AP+ (Cash loan),8
6,name_type_suite,Group of people,4
7,name_type_suite,Unaccompanied,5
8,name_type_suite,Family,6
9,name_type_suite,Other_A,7
10,name_type_suite,"Spouse, partner",8
3,name_type_suite,(Empty),1
61,organization_type,Culture,7
62,organization_type,Transport: type 1,8
63,organization_type,Other,9
64,organization_type,Realtor,10
65,organization_type,Business Entity Type 1,11
66,organization_type,Industry: type 8,12
67,organization_type,Insurance,13
68,organization_type,Industry: type 2,14
69,organization_type,Transport: type 2,15
70,organization_type,Security Ministries,16
71,organization_type,Industry: type 1,17
72,organization_type,Postal,18
73,organization_type,Industry: type 10,19
74,organization_type,University,20
75,organization_type,Trade: type 3,21
76,organization_type,Medicine,22
77,organization_type,Cleaning,23
78,organization_type,Industry: type 4,24
79,organization_type,Transport: type 3,25
80,organization_type,Mobile,26
81,organization_type,Security,27
82,organization_type,Government,28
83,organization_type,Industry: type 7,29
84,organization_type,School,30
85,organization_type,XNA,31
86,organization_type,Industry: type 11,32
87,organization_type,Telecom,33
88,organization_type,Trade: type 1,34
89,organization_type,Industry: type 3,35
90,organization_type,Business Entity Type 3,36
91,organization_type,Trade: type 4,37
92,organization_type,Transport: type 4,38
93,organization_type,Bank,39
94,organization_type,Advertising,40
95,organization_type,Trade: type 6,41
96,organization_type,Trade: type 7,42
97,organization_type,Restaurant,43
98,organization_type,Trade: type 2,44
99,organization_type,Industry: type 5,45
100,organization_type,Industry: type 6,46
101,organization_type,Legal Services,47
102,organization_type,Trade: type 5,48
103,organization_type,Services,49
104,organization_type,Self-employed,50
105,organization_type,Hotel,51
106,organization_type,Electricity,52
107,organization_type,Industry: type 9,53
108,organization_type,Kindergarten,54
109,organization_type,Emergency,55
110,organization_type,Housing,56
111,organization_type,Industry: type 12,57
112,organization_type,Military,58
